Barajevo,Barajevo,Grad Beograd,Centralna Srbija,Srbija
Baric,Obrenovac,Grad Beograd,Centralna Srbija,Srbija
Barosevac,Lazarevac,Grad Beograd,Centralna Srbija,Srbija
Beli Potok,Vozdovac,Grad Beograd,Centralna Srbija,Srbija
Beljina,Barajevo,Grad Beograd,Centralna Srbija,Srbija
Beograd,Beograd,Grad Beograd,Centralna Srbija,Srbija
Velika Ivanca,Mladenovac,Grad Beograd,Centralna Srbija,Srbija
Velika Krsna,Mladenovac,Grad Beograd,Centralna Srbija,Srbija
Velika Mostanica,cukarica,Grad Beograd,Centralna Srbija,Srbija
Veliki Borak,Barajevo,Grad Beograd,Centralna Srbija,Srbija
Veliki Crljeni,Lazarevac,Grad Beograd,Centralna Srbija,Srbija
Vlaska,Mladenovac,Grad Beograd,Centralna Srbija,Srbija
Vranic,Barajevo,Grad Beograd,Centralna Srbija,Srbija
Vreoci,Lazarevac,Grad Beograd,Centralna Srbija,Srbija
Grabovac,Obrenovac,Grad Beograd,Centralna Srbija,Srbija
Drazevac,Obrenovac,Grad Beograd,Centralna Srbija,Srbija
Dudovica,Lazarevac,Grad Beograd,Centralna Srbija,Srbija
Zabrezje,Obrenovac,Grad Beograd,Centralna Srbija,Srbija
Zuce,Vozdovac,Grad Beograd,Centralna Srbija,Srbija
Jagnjilo,Mladenovac,Grad Beograd,Centralna Srbija,Srbija
Junkovac,Lazarevac,Grad Beograd,Centralna Srbija,Srbija
Kaludjerica,Grocka,Grad Beograd,Centralna Srbija,Srbija
Kovacevac,Mladenovac,Grad Beograd,Centralna Srbija,Srbija
Koracica,Mladenovac,Grad Beograd,Centralna Srbija,Srbija
Lazarevac,Lazarevac,Grad Beograd,Centralna Srbija,Srbija
Mala Mostanica,Obrenovac,Grad Beograd,Centralna Srbija,Srbija
Mali Pozarevac,Sopot,Grad Beograd,Centralna Srbija,Srbija
Medjuluzje,Mladenovac,Grad Beograd,Centralna Srbija,Srbija
Meljak,Barajevo,Grad Beograd,Centralna Srbija,Srbija
Mirosaljci,Lazarevac,Grad Beograd,Centralna Srbija,Srbija
Mladenovac,Mladenovac,Grad Beograd,Centralna Srbija,Srbija
Obrenovac,Obrenovac,Grad Beograd,Centralna Srbija,Srbija
Ostruznica,cukarica,Grad Beograd,Centralna Srbija,Srbija
Pinosava,Vozdovac,Grad Beograd,Centralna Srbija,Srbija
Pruzatovac,Mladenovac,Grad Beograd,Centralna Srbija,Srbija
Ralja,Sopot,Grad Beograd,Centralna Srbija,Srbija
Ripanj,Vozdovac,Grad Beograd,Centralna Srbija,Srbija
Rogaca,Sopot,Grad Beograd,Centralna Srbija,Srbija
Rudovci,Lazarevac,Grad Beograd,Centralna Srbija,Srbija
Rusanj,cukarica,Grad Beograd,Centralna Srbija,Srbija
Skela,Obrenovac,Grad Beograd,Centralna Srbija,Srbija
Sopot,Sopot,Grad Beograd,Centralna Srbija,Srbija
Sremcica,cukarica,Grad Beograd,Centralna Srbija,Srbija
Stepojevac,Lazarevac,Grad Beograd,Centralna Srbija,Srbija
Stubline,Obrenovac,Grad Beograd,Centralna Srbija,Srbija
Umka,cukarica,Grad Beograd,Centralna Srbija,Srbija
Osipaonica,Smederevo,Podunavski okrug,Centralna Srbija,Srbija
Azanja,Smederevska Palanka,Podunavski okrug,Centralna Srbija,Srbija
Velika Plana,Velika Plana,Podunavski okrug,Centralna Srbija,Srbija
Veliko Orasje,Velika Plana,Podunavski okrug,Centralna Srbija,Srbija
Vodanj,Smederevo,Podunavski okrug,Centralna Srbija,Srbija
Vranovo,Smederevo,Podunavski okrug,Centralna Srbija,Srbija
Golobok,Smederevska Palanka,Podunavski okrug,Centralna Srbija,Srbija
Drugovac,Smederevo,Podunavski okrug,Centralna Srbija,Srbija
Kolari,Smederevo,Podunavski okrug,Centralna Srbija,Srbija
Krnjevo,Velika Plana,Podunavski okrug,Centralna Srbija,Srbija
Kusadak,Smederevska Palanka,Podunavski okrug,Centralna Srbija,Srbija
Lipe,Smederevo,Podunavski okrug,Centralna Srbija,Srbija
Lozovik,Velika Plana,Podunavski okrug,Centralna Srbija,Srbija
Lugavcina,Smederevo,Podunavski okrug,Centralna Srbija,Srbija
Mala Krsna,Smederevo,Podunavski okrug,Centralna Srbija,Srbija
Markovac,Velika Plana,Podunavski okrug,Centralna Srbija,Srbija
Milosevac,Velika Plana,Podunavski okrug,Centralna Srbija,Srbija
Mihajlovac,Smederevo,Podunavski okrug,Centralna Srbija,Srbija
Radinac,Smederevo,Podunavski okrug,Centralna Srbija,Srbija
Ratari,Smederevska Palanka,Podunavski okrug,Centralna Srbija,Srbija
Saraorci,Smederevo,Podunavski okrug,Centralna Srbija,Srbija
Selevac,Smederevska Palanka,Podunavski okrug,Centralna Srbija,Srbija
Skobalj,Smederevo,Podunavski okrug,Centralna Srbija,Srbija
Smederevska Palanka,Smederevska Palanka,Podunavski okrug,Centralna Srbija,Srbija
Smederevo,Smederevo,Podunavski okrug,Centralna Srbija,Srbija
Staro Selo,Velika Plana,Podunavski okrug,Centralna Srbija,Srbija
Bagrdan,Jagodina,Pomoravski okrug,Centralna Srbija,Srbija
Belusic,Rekovac,Pomoravski okrug,Centralna Srbija,Srbija
Bigrenica,djuprija,Pomoravski okrug,Centralna Srbija,Srbija
Bobovo,Svilajnac,Pomoravski okrug,Centralna Srbija,Srbija
Bunar,Jagodina,Pomoravski okrug,Centralna Srbija,Srbija
Busilovac,Paracin,Pomoravski okrug,Centralna Srbija,Srbija
Veliki Popovic,Despotovac,Pomoravski okrug,Centralna Srbija,Srbija
Vojska,Svilajnac,Pomoravski okrug,Centralna Srbija,Srbija
Glavinci,Jagodina,Pomoravski okrug,Centralna Srbija,Srbija
Glogovac,Jagodina,Pomoravski okrug,Centralna Srbija,Srbija
Despotovac,Despotovac,Pomoravski okrug,Centralna Srbija,Srbija
Donja Mutnica,Paracin,Pomoravski okrug,Centralna Srbija,Srbija
Donje Vidovo,Paracin,Pomoravski okrug,Centralna Srbija,Srbija
Dragovo,Rekovac,Pomoravski okrug,Centralna Srbija,Srbija
Dragocvet,Jagodina,Pomoravski okrug,Centralna Srbija,Srbija
Dragosevac,Jagodina,Pomoravski okrug,Centralna Srbija,Srbija
Drenovac,Paracin,Pomoravski okrug,Centralna Srbija,Srbija
Duboka,Jagodina,Pomoravski okrug,Centralna Srbija,Srbija
Jagodina,Jagodina,Pomoravski okrug,Centralna Srbija,Srbija
Jasenovo,Despotovac,Pomoravski okrug,Centralna Srbija,Srbija
Jovac,cuprija,Pomoravski okrug,Centralna Srbija,Srbija
Kolare,Jagodina,Pomoravski okrug,Centralna Srbija,Srbija
Koncarevo,Jagodina,Pomoravski okrug,Centralna Srbija,Srbija
Krusar,cuprija,Pomoravski okrug,Centralna Srbija,Srbija
Kusiljevo,Svilajnac,Pomoravski okrug,Centralna Srbija,Srbija
Locika,Rekovac,Pomoravski okrug,Centralna Srbija,Srbija
Majur,Jagodina,Pomoravski okrug,Centralna Srbija,Srbija
Medvedja,Despotovac,Pomoravski okrug,Centralna Srbija,Srbija
Mijatovac,cuprija,Pomoravski okrug,Centralna Srbija,Srbija
Milosevo,Jagodina,Pomoravski okrug,Centralna Srbija,Srbija
Oparic,Rekovac,Pomoravski okrug,Centralna Srbija,Srbija
Paracin,Paracin,Pomoravski okrug,Centralna Srbija,Srbija
Plazane,Despotovac,Pomoravski okrug,Centralna Srbija,Srbija
Plana,Paracin,Pomoravski okrug,Centralna Srbija,Srbija
Popovac,Paracin,Pomoravski okrug,Centralna Srbija,Srbija
Potocac,Paracin,Pomoravski okrug,Centralna Srbija,Srbija
Prevest,Rekovac,Pomoravski okrug,Centralna Srbija,Srbija
Rasevica,Paracin,Pomoravski okrug,Centralna Srbija,Srbija
Rekovac,Rekovac,Pomoravski okrug,Centralna Srbija,Srbija
Resavica,Despotovac,Pomoravski okrug,Centralna Srbija,Srbija
Ribare,Jagodina,Pomoravski okrug,Centralna Srbija,Srbija
Svilajnac,Svilajnac,Pomoravski okrug,Centralna Srbija,Srbija
Svojnovo,Paracin,Pomoravski okrug,Centralna Srbija,Srbija
Sedlare,Svilajnac,Pomoravski okrug,Centralna Srbija,Srbija
Senje,cuprija,Pomoravski okrug,Centralna Srbija,Srbija
Senjski Rudnik,Despotovac,Pomoravski okrug,Centralna Srbija,Srbija
Sikirica,Paracin,Pomoravski okrug,Centralna Srbija,Srbija
Siokovac,Jagodina,Pomoravski okrug,Centralna Srbija,Srbija
Stenjevac,Despotovac,Pomoravski okrug,Centralna Srbija,Srbija
Stubica,Paracin,Pomoravski okrug,Centralna Srbija,Srbija
Subotica (kod Svijanca),Svilajnac,Pomoravski okrug,Centralna Srbija,Srbija
Supska,cuprija,Pomoravski okrug,Centralna Srbija,Srbija
Tresnjevica,Paracin,Pomoravski okrug,Centralna Srbija,Srbija
cuprija,cuprija,Pomoravski okrug,Centralna Srbija,Srbija
Aleksandrovac,Aleksandrovac,Rasinski okrug,Centralna Srbija,Srbija
Bacina,Varvarin,Rasinski okrug,Centralna Srbija,Srbija
Bela Voda,Grad Krusevac,Rasinski okrug,Centralna Srbija,Srbija
Blazevo,Brus,Rasinski okrug,Centralna Srbija,Srbija
Bosnjane,Varvarin,Rasinski okrug,Centralna Srbija,Srbija
Brzece,Brus,Rasinski okrug,Centralna Srbija,Srbija
Brus,Brus,Rasinski okrug,Centralna Srbija,Srbija
Varvarin,Varvarin,Rasinski okrug,Centralna Srbija,Srbija
Velika Vrbnica,Aleksandrovac,Rasinski okrug,Centralna Srbija,Srbija
Velika Drenova,Trstenik,Rasinski okrug,Centralna Srbija,Srbija
Velika Lomnica,Krusevac,Rasinski okrug,Centralna Srbija,Srbija
Veliki siljegovac,Krusevac,Rasinski okrug,Centralna Srbija,Srbija
Globoder,Krusevac,Rasinski okrug,Centralna Srbija,Srbija
Gornje Dvorane,Krusevac,Rasinski okrug,Centralna Srbija,Srbija
Gornji Stepos,Krusevac,Rasinski okrug,Centralna Srbija,Srbija
Gornji Stupanj,Aleksandrovac,Rasinski okrug,Centralna Srbija,Srbija
Donji Krcin,Varvarin,Rasinski okrug,Centralna Srbija,Srbija
djunis,Krusevac,Rasinski okrug,Centralna Srbija,Srbija
Zdravinje,Krusevac,Rasinski okrug,Centralna Srbija,Srbija
Jasika,Krusevac,Rasinski okrug,Centralna Srbija,Srbija
Jasikovica,Trstenik,Rasinski okrug,Centralna Srbija,Srbija
Kaonik,Krusevac,Rasinski okrug,Centralna Srbija,Srbija
Konjuh,Krusevac,Rasinski okrug,Centralna Srbija,Srbija
Krusevac,Krusevac,Rasinski okrug,Centralna Srbija,Srbija
Kukljin,Krusevac,Rasinski okrug,Centralna Srbija,Srbija
Kupci,Krusevac,Rasinski okrug,Centralna Srbija,Srbija
Lepenac,Brus,Rasinski okrug,Centralna Srbija,Srbija
Medvedja,Trstenik,Rasinski okrug,Centralna Srbija,Srbija
Milentija,Brus,Rasinski okrug,Centralna Srbija,Srbija
Milutovac,Trstenik,Rasinski okrug,Centralna Srbija,Srbija
Obrez,Varvarin,Rasinski okrug,Centralna Srbija,Srbija
Padez,Krusevac,Rasinski okrug,Centralna Srbija,Srbija
Parunovac,Krusevac,Rasinski okrug,Centralna Srbija,Srbija
Pepeljevac,Krusevac,Rasinski okrug,Centralna Srbija,Srbija
Ples,Aleksandrovac,Rasinski okrug,Centralna Srbija,Srbija
Pojate,cicevac,Rasinski okrug,Centralna Srbija,Srbija
Pocekovina,Trstenik,Rasinski okrug,Centralna Srbija,Srbija
Razbojna,Brus,Rasinski okrug,Centralna Srbija,Srbija
Rataje,Aleksandrovac,Rasinski okrug,Centralna Srbija,Srbija
Ribarska Banja,Krusevac,Rasinski okrug,Centralna Srbija,Srbija
Stalac,cicevac,Rasinski okrug,Centralna Srbija,Srbija
Stopanja,Trstenik,Rasinski okrug,Centralna Srbija,Srbija
Trnavci,Aleksandrovac,Rasinski okrug,Centralna Srbija,Srbija
Trstenik,Trstenik,Rasinski okrug,Centralna Srbija,Srbija
cicevac,cicevac,Rasinski okrug,Centralna Srbija,Srbija
citluk,Krusevac,Rasinski okrug,Centralna Srbija,Srbija
Rudnica,Raska,Raski okrug,Centralna Srbija,Srbija
Adrani,Kraljevo,Raski okrug,Centralna Srbija,Srbija
Baljevac,Raska,Raski okrug,Centralna Srbija,Srbija
Bogutovac,Kraljevo,Raski okrug,Centralna Srbija,Srbija
Brvenik,Raska,Raski okrug,Centralna Srbija,Srbija
Vitanovac,Kraljevo,Raski okrug,Centralna Srbija,Srbija
Vitkovac,Kraljevo,Raski okrug,Centralna Srbija,Srbija
Vrba,Kraljevo,Raski okrug,Centralna Srbija,Srbija
Vrnjacka Banja,Vrnjacka Banja,Raski okrug,Centralna Srbija,Srbija
Vrnjci,Vrnjacka Banja,Raski okrug,Centralna Srbija,Srbija
Dezeva,Novi Pazar,Raski okrug,Centralna Srbija,Srbija
Delimedje,Tutin,Raski okrug,Centralna Srbija,Srbija
zica,Kraljevo,Raski okrug,Centralna Srbija,Srbija
Josanicka Banja,Raska,Raski okrug,Centralna Srbija,Srbija
Konarevo,Kraljevo,Raski okrug,Centralna Srbija,Srbija
Kopaonik,Raska,Raski okrug,Centralna Srbija,Srbija
Kraljevo,Kraljevo,Raski okrug,Centralna Srbija,Srbija
Ladjevci,Kraljevo,Raski okrug,Centralna Srbija,Srbija
Lukare,Novi Pazar,Raski okrug,Centralna Srbija,Srbija
Mataruska Banja,Kraljevo,Raski okrug,Centralna Srbija,Srbija
Novi Pazar,Novi Pazar,Raski okrug,Centralna Srbija,Srbija
Novo Selo,Vrnjacka Banja,Raski okrug,Centralna Srbija,Srbija
Podunavci,Vrnjacka Banja,Raski okrug,Centralna Srbija,Srbija
Ratina,Kraljevo,Raski okrug,Centralna Srbija,Srbija
Raska,Raska,Raski okrug,Centralna Srbija,Srbija
Ribarice,Tutin,Raski okrug,Centralna Srbija,Srbija
Rocevici,Kraljevo,Raski okrug,Centralna Srbija,Srbija
Rudno,Kraljevo,Raski okrug,Centralna Srbija,Srbija
Samaila,Kraljevo,Raski okrug,Centralna Srbija,Srbija
Sirca,Kraljevo,Raski okrug,Centralna Srbija,Srbija
Studenica,Kraljevo,Raski okrug,Centralna Srbija,Srbija
Tutin,Tutin,Raski okrug,Centralna Srbija,Srbija
Usce,Kraljevo,Raski okrug,Centralna Srbija,Srbija
Crkvine,Tutin,Raski okrug,Centralna Srbija,Srbija
cukojevac,Kraljevo,Raski okrug,Centralna Srbija,Srbija
Arandjelovac,Arandjelovac,sumadijski okrug,Centralna Srbija,Srbija
Badnjevac,Batocina,sumadijski okrug,Centralna Srbija,Srbija
Banja,Arandjelovac,sumadijski okrug,Centralna Srbija,Srbija
Bare,Knic,sumadijski okrug,Centralna Srbija,Srbija
Batocina,Batocina,sumadijski okrug,Centralna Srbija,Srbija
Belosavci,Topola,sumadijski okrug,Centralna Srbija,Srbija
Belosevac,Pivara,sumadijski okrug,Centralna Srbija,Srbija
Brzan,Batocina,sumadijski okrug,Centralna Srbija,Srbija
Bukovik,Arandjelovac,sumadijski okrug,Centralna Srbija,Srbija
Bukorovac,Pivara,sumadijski okrug,Centralna Srbija,Srbija
Vencane,Arandjelovac,sumadijski okrug,Centralna Srbija,Srbija
Gornja Sabanta,Pivara,sumadijski okrug,Centralna Srbija,Srbija
Gornja Trnava,Topola,sumadijski okrug,Centralna Srbija,Srbija
Grosnica,Stanovo,sumadijski okrug,Centralna Srbija,Srbija
Gruza,Knic,sumadijski okrug,Centralna Srbija,Srbija
Guberevac,Knic,sumadijski okrug,Centralna Srbija,Srbija
Darosava,Arandjelovac,sumadijski okrug,Centralna Srbija,Srbija
Desimirovac,Aerodrom,sumadijski okrug,Centralna Srbija,Srbija
Divostin,Stanovo,sumadijski okrug,Centralna Srbija,Srbija
Donja satornja,Topola,sumadijski okrug,Centralna Srbija,Srbija
Dragobraca,Stanovo,sumadijski okrug,Centralna Srbija,Srbija
Erdec,Stanovo,sumadijski okrug,Centralna Srbija,Srbija
zirovnica,Batocina,sumadijski okrug,Centralna Srbija,Srbija
Zabojnica,Knic,sumadijski okrug,Centralna Srbija,Srbija
Ilicevo,Pivara,sumadijski okrug,Centralna Srbija,Srbija
Jarmenovci,Topola,sumadijski okrug,Centralna Srbija,Srbija
Jelovik,Arandjelovac,sumadijski okrug,Centralna Srbija,Srbija
Jovanovac,Aerodrom,sumadijski okrug,Centralna Srbija,Srbija
Knic,Knic,sumadijski okrug,Centralna Srbija,Srbija
Korman,Pivara,sumadijski okrug,Centralna Srbija,Srbija
Kragujevac,Stari Grad (Kragujevac),sumadijski okrug,Centralna Srbija,Srbija
Lapovo,Lapovo,sumadijski okrug,Centralna Srbija,Srbija
Lapovo (Varos),Lapovo,sumadijski okrug,Centralna Srbija,Srbija
Luznice,Aerodrom,sumadijski okrug,Centralna Srbija,Srbija
Male Pcelice,Stanovo,sumadijski okrug,Centralna Srbija,Srbija
Malo Krcmare,Raca,sumadijski okrug,Centralna Srbija,Srbija
Marsic,Pivara,sumadijski okrug,Centralna Srbija,Srbija
Milatovac,Batocina,sumadijski okrug,Centralna Srbija,Srbija
Natalinci,Topola,sumadijski okrug,Centralna Srbija,Srbija
Orasac,Arandjelovac,sumadijski okrug,Centralna Srbija,Srbija
Ranilovic,Arandjelovac,sumadijski okrug,Centralna Srbija,Srbija
Raca Kragujevacka,Raca,sumadijski okrug,Centralna Srbija,Srbija
Resnik,Aerodrom,sumadijski okrug,Centralna Srbija,Srbija
Sipic,Raca,sumadijski okrug,Centralna Srbija,Srbija
Stojnik,Arandjelovac,sumadijski okrug,Centralna Srbija,Srbija
Stragari,Stragari,sumadijski okrug,Centralna Srbija,Srbija
Topola,Topola,sumadijski okrug,Centralna Srbija,Srbija
Toponica,Knic,sumadijski okrug,Centralna Srbija,Srbija
cumic,Aerodrom,sumadijski okrug,Centralna Srbija,Srbija
Bor,Bor,Borski okrug,Istocna Srbija,Srbija
Borski Brestovac,Bor,Borski okrug,Istocna Srbija,Srbija
Bracevac,Negotin,Borski okrug,Istocna Srbija,Srbija
Brestovacka Banja,Bor,Borski okrug,Istocna Srbija,Srbija
Brza Palanka,Kladovo,Borski okrug,Istocna Srbija,Srbija
Velesnica,Kladovo,Borski okrug,Istocna Srbija,Srbija
Grabovica,Kladovo,Borski okrug,Istocna Srbija,Srbija
Donja Bela Reka,Bor,Borski okrug,Istocna Srbija,Srbija
Donji Milanovac,Majdanpek,Borski okrug,Istocna Srbija,Srbija
Zlot,Bor,Borski okrug,Istocna Srbija,Srbija
Jabukovac,Negotin,Borski okrug,Istocna Srbija,Srbija
Jasikovo,Majdanpek,Borski okrug,Istocna Srbija,Srbija
Kladovo,Kladovo,Borski okrug,Istocna Srbija,Srbija
Klokocevac,Majdanpek,Borski okrug,Istocna Srbija,Srbija
Kobisnica,Negotin,Borski okrug,Istocna Srbija,Srbija
Korbovo,Kladovo,Borski okrug,Istocna Srbija,Srbija
Krivelj,Bor,Borski okrug,Istocna Srbija,Srbija
Majdanpek,Majdanpek,Borski okrug,Istocna Srbija,Srbija
Metovnica,Bor,Borski okrug,Istocna Srbija,Srbija
Mihajlovac,Negotin,Borski okrug,Istocna Srbija,Srbija
Negotin,Negotin,Borski okrug,Istocna Srbija,Srbija
Ostrelj,Bor,Borski okrug,Istocna Srbija,Srbija
Plavna,Negotin,Borski okrug,Istocna Srbija,Srbija
Podvrska,Kladovo,Borski okrug,Istocna Srbija,Srbija
Prahovo,Negotin,Borski okrug,Istocna Srbija,Srbija
Radujevac,Negotin,Borski okrug,Istocna Srbija,Srbija
Rogljevo,Negotin,Borski okrug,Istocna Srbija,Srbija
Rudna Glava,Majdanpek,Borski okrug,Istocna Srbija,Srbija
Sikole,Negotin,Borski okrug,Istocna Srbija,Srbija
Sip,Kladovo,Borski okrug,Istocna Srbija,Srbija
Slatina,Bor,Borski okrug,Istocna Srbija,Srbija
Tekija,Kladovo,Borski okrug,Istocna Srbija,Srbija
Trnjane,Negotin,Borski okrug,Istocna Srbija,Srbija
Urovica,Negotin,Borski okrug,Istocna Srbija,Srbija
Aleksandrovac,zabari,Branicevski okrug,Istocna Srbija,Srbija
Bare,Pozarevac,Branicevski okrug,Istocna Srbija,Srbija
Bozevac,Malo Crnice,Branicevski okrug,Istocna Srbija,Srbija
Bradarac,Pozarevac,Branicevski okrug,Istocna Srbija,Srbija
Branicevo,Golubac,Branicevski okrug,Istocna Srbija,Srbija
Burovac,Petrovac na Mlavi,Branicevski okrug,Istocna Srbija,Srbija
Veliko Gradiste,Veliko Gradiste,Branicevski okrug,Istocna Srbija,Srbija
Veliko Laole,Petrovac na Mlavi,Branicevski okrug,Istocna Srbija,Srbija
Voluja,Kucevo,Branicevski okrug,Istocna Srbija,Srbija
Vukovac,zagubica,Branicevski okrug,Istocna Srbija,Srbija
Golubac,Golubac,Branicevski okrug,Istocna Srbija,Srbija
Dobra,Golubac,Branicevski okrug,Istocna Srbija,Srbija
Duboka,Kucevo,Branicevski okrug,Istocna Srbija,Srbija
Dubravica,Pozarevac,Branicevski okrug,Istocna Srbija,Srbija
zabari,zabari,Branicevski okrug,Istocna Srbija,Srbija
zagubica,zagubica,Branicevski okrug,Istocna Srbija,Srbija
Klenje,Golubac,Branicevski okrug,Istocna Srbija,Srbija
Klicevac,Pozarevac,Branicevski okrug,Istocna Srbija,Srbija
Kostolac,Kostolac,Branicevski okrug,Istocna Srbija,Srbija
Krepoljin,zagubica,Branicevski okrug,Istocna Srbija,Srbija
Kucevo,Kucevo,Branicevski okrug,Istocna Srbija,Srbija
Laznica,zagubica,Branicevski okrug,Istocna Srbija,Srbija
Majilovac,Veliko Gradiste,Branicevski okrug,Istocna Srbija,Srbija
Malo Crnice,Malo Crnice,Branicevski okrug,Istocna Srbija,Srbija
Neresnica,Kucevo,Branicevski okrug,Istocna Srbija,Srbija
Oreskovica,Petrovac,Branicevski okrug,Istocna Srbija,Srbija
Osanica,zagubica,Branicevski okrug,Istocna Srbija,Srbija
Petrovac,Petrovac na Mlavi,Branicevski okrug,Istocna Srbija,Srbija
Pozarevac,Pozarevac,Branicevski okrug,Istocna Srbija,Srbija
Poljana,Pozarevac,Branicevski okrug,Istocna Srbija,Srbija
Porodin,zabari,Branicevski okrug,Istocna Srbija,Srbija
Rabrovo,Kucevo,Branicevski okrug,Istocna Srbija,Srbija
Ranovac,Petrovac,Branicevski okrug,Istocna Srbija,Srbija
Rasanac,Petrovac na Mlavi,Branicevski okrug,Istocna Srbija,Srbija
Smoljinac,Malo Crnice,Branicevski okrug,Istocna Srbija,Srbija
Srednjevo,Veliko Gradiste,Branicevski okrug,Istocna Srbija,Srbija
Topolovnik,Veliko Gradiste,Branicevski okrug,Istocna Srbija,Srbija
Turija,Kucevo,Branicevski okrug,Istocna Srbija,Srbija
Beli Potok,Knjazevac,Zajecarski okrug,Istocna Srbija,Srbija
Bogovina,Boljevac,Zajecarski okrug,Istocna Srbija,Srbija
Boljevac,Boljevac,Zajecarski okrug,Istocna Srbija,Srbija
Brusnik,Zajecar,Zajecarski okrug,Istocna Srbija,Srbija
Bucje,Knjazevac,Zajecarski okrug,Istocna Srbija,Srbija
Vasilj,Knjazevac,Zajecarski okrug,Istocna Srbija,Srbija
Velika Jasikova,Zajecar,Zajecarski okrug,Istocna Srbija,Srbija
Veliki Izvor,Zajecar,Zajecarski okrug,Istocna Srbija,Srbija
Vina,Knjazevac,Zajecarski okrug,Istocna Srbija,Srbija
Vrazogrnac,Zajecar,Zajecarski okrug,Istocna Srbija,Srbija
Vratarnica,Zajecar,Zajecarski okrug,Istocna Srbija,Srbija
Gamzigradska Banja,Zajecar,Zajecarski okrug,Istocna Srbija,Srbija
Gradskovo,Zajecar,Zajecarski okrug,Istocna Srbija,Srbija
Grliste,Zajecar,Zajecarski okrug,Istocna Srbija,Srbija
Grljan,Zajecar,Zajecarski okrug,Istocna Srbija,Srbija
Donja Kamenica,Knjazevac,Zajecarski okrug,Istocna Srbija,Srbija
Donje Zunice,Knjazevac,Zajecarski okrug,Istocna Srbija,Srbija
Dubocane,Zajecar,Zajecarski okrug,Istocna Srbija,Srbija
Dugo Polje,Sokobanja,Zajecarski okrug,Istocna Srbija,Srbija
Zajecar,Zajecar,Zajecarski okrug,Istocna Srbija,Srbija
Zvezdan,Zajecar,Zajecarski okrug,Istocna Srbija,Srbija
Josanica,Sokobanja,Zajecarski okrug,Istocna Srbija,Srbija
Kalna,Knjazevac,Zajecarski okrug,Istocna Srbija,Srbija
Knjazevac,Knjazevac,Zajecarski okrug,Istocna Srbija,Srbija
Koprivnica,Zajecar,Zajecarski okrug,Istocna Srbija,Srbija
Krivi Vir,Boljevac,Zajecarski okrug,Istocna Srbija,Srbija
Lenovac,Zajecar,Zajecarski okrug,Istocna Srbija,Srbija
Lubnica,Zajecar,Zajecarski okrug,Istocna Srbija,Srbija
Lukovo,Boljevac,Zajecarski okrug,Istocna Srbija,Srbija
Mali Izvor,Zajecar,Zajecarski okrug,Istocna Srbija,Srbija
Mali Jasenovac,Zajecar,Zajecarski okrug,Istocna Srbija,Srbija
Minicevo,Knjazevac,Zajecarski okrug,Istocna Srbija,Srbija
Nikolicevo,Zajecar,Zajecarski okrug,Istocna Srbija,Srbija
Podvis,Knjazevac,Zajecarski okrug,Istocna Srbija,Srbija
Podgorac,Boljevac,Zajecarski okrug,Istocna Srbija,Srbija
Rgotina,Zajecar,Zajecarski okrug,Istocna Srbija,Srbija
Savinac,Boljevac,Zajecarski okrug,Istocna Srbija,Srbija
Salas,Zajecar,Zajecarski okrug,Istocna Srbija,Srbija
Sokobanja,Sokobanja,Zajecarski okrug,Istocna Srbija,Srbija
Sumrakovac,Boljevac,Zajecarski okrug,Istocna Srbija,Srbija
citluk,Sokobanja,Zajecarski okrug,Istocna Srbija,Srbija
Bogojevce,Leskovac,Jablanicki okrug,Juzna Srbija,Srbija
Bojnik,Bojnik,Jablanicki okrug,Juzna Srbija,Srbija
Bosnjace,Lebane,Jablanicki okrug,Juzna Srbija,Srbija
Brestovac,Leskovac,Jablanicki okrug,Juzna Srbija,Srbija
Velika Grabovnica,Leskovac,Jablanicki okrug,Juzna Srbija,Srbija
Vlasotince,Vlasotince,Jablanicki okrug,Juzna Srbija,Srbija
Vucje,Leskovac,Jablanicki okrug,Juzna Srbija,Srbija
Grdelica,Leskovac,Jablanicki okrug,Juzna Srbija,Srbija
Guberevac,Leskovac,Jablanicki okrug,Juzna Srbija,Srbija
Kosancic,Bojnik,Jablanicki okrug,Juzna Srbija,Srbija
Lebane,Lebane,Jablanicki okrug,Juzna Srbija,Srbija
Leskovac,Leskovac,Jablanicki okrug,Juzna Srbija,Srbija
Lece,Medvedja,Jablanicki okrug,Juzna Srbija,Srbija
Manojlovce,Leskovac,Jablanicki okrug,Juzna Srbija,Srbija
Medvedja,Medvedja,Jablanicki okrug,Juzna Srbija,Srbija
Mirosevce,Leskovac,Jablanicki okrug,Juzna Srbija,Srbija
Orane,Bojnik,Jablanicki okrug,Juzna Srbija,Srbija
Pecenjevce,Leskovac,Jablanicki okrug,Juzna Srbija,Srbija
Predejane,Leskovac,Jablanicki okrug,Juzna Srbija,Srbija
Razgojna,Leskovac,Jablanicki okrug,Juzna Srbija,Srbija
Sastav Reka,Crna Trava,Jablanicki okrug,Juzna Srbija,Srbija
Svodje,Vlasotince,Jablanicki okrug,Juzna Srbija,Srbija
Sijarinska Banja,Medvedja,Jablanicki okrug,Juzna Srbija,Srbija
Tulare,Medvedja,Jablanicki okrug,Juzna Srbija,Srbija
Turekovac,Leskovac,Jablanicki okrug,Juzna Srbija,Srbija
Crna Trava,Crna Trava,Jablanicki okrug,Juzna Srbija,Srbija
Aleksinac,Aleksinac,Nisavski okrug,Juzna Srbija,Srbija
Aleksinacki Rudnik,Aleksinac,Nisavski okrug,Juzna Srbija,Srbija
Balajnac,Merosina,Nisavski okrug,Juzna Srbija,Srbija
Belotinac,Opstina Doljevac,Nisavski okrug,Juzna Srbija,Srbija
Brzi Brod,Medijana,Nisavski okrug,Juzna Srbija,Srbija
Burdimo,Svrljig,Nisavski okrug,Juzna Srbija,Srbija
Varos,Svrljig,Nisavski okrug,Juzna Srbija,Srbija
Vitosevac,Razanj,Nisavski okrug,Juzna Srbija,Srbija
Vrmdza,Sokobanja,Nisavski okrug,Juzna Srbija,Srbija
Vrcenovica,Aleksinac,Nisavski okrug,Juzna Srbija,Srbija
Gadzin Han,Gadzin Han,Nisavski okrug,Juzna Srbija,Srbija
Gornja Toponica,Crveni Krst,Nisavski okrug,Juzna Srbija,Srbija
Gornji Barbes,Gadzin Han,Nisavski okrug,Juzna Srbija,Srbija
Gornji Matejevac,Pantelej,Nisavski okrug,Juzna Srbija,Srbija
Gusevac,Svrljig,Nisavski okrug,Juzna Srbija,Srbija
Doljevac,Doljevac,Nisavski okrug,Juzna Srbija,Srbija
Donje Medjurovo,Palilula (Nis),Nisavski okrug,Juzna Srbija,Srbija
Donji Dusnik,Gadzin Han,Nisavski okrug,Juzna Srbija,Srbija
Drazevac,Aleksinac,Nisavski okrug,Juzna Srbija,Srbija
zitkovac,Aleksinac,Nisavski okrug,Juzna Srbija,Srbija
Zaplanjska Toponica,Gadzin Han,Nisavski okrug,Juzna Srbija,Srbija
Jelasnica,Niska Banja,Nisavski okrug,Juzna Srbija,Srbija
Jugbogdanovac,Merosina,Nisavski okrug,Juzna Srbija,Srbija
Katun,Aleksinac,Nisavski okrug,Juzna Srbija,Srbija
Korman,Aleksinac,Nisavski okrug,Juzna Srbija,Srbija
Kulina,Aleksinac,Nisavski okrug,Juzna Srbija,Srbija
Lalinac,Palilula (Nis),Nisavski okrug,Juzna Srbija,Srbija
Lalinac,Svrljig,Nisavski okrug,Juzna Srbija,Srbija
Licki Hanovi,Gadzin Han,Nisavski okrug,Juzna Srbija,Srbija
Malosiste,Doljevac,Nisavski okrug,Juzna Srbija,Srbija
Malca,Pantelej,Nisavski okrug,Juzna Srbija,Srbija
Medosevac,Crveni Krst,Nisavski okrug,Juzna Srbija,Srbija
Merosina,Merosina,Nisavski okrug,Juzna Srbija,Srbija
Mozgovo,Aleksinac,Nisavski okrug,Juzna Srbija,Srbija
Mramor,Palilula,Nisavski okrug,Juzna Srbija,Srbija
Nis,Medijana,Nisavski okrug,Juzna Srbija,Srbija
Nisevac,Svrljig,Nisavski okrug,Juzna Srbija,Srbija
Niska Banja,Niska Banja,Nisavski okrug,Juzna Srbija,Srbija
Novi Bracin,Razanj,Nisavski okrug,Juzna Srbija,Srbija
Novo Selo,Palilula,Nisavski okrug,Juzna Srbija,Srbija
Ostrovica,Niska Banja,Nisavski okrug,Juzna Srbija,Srbija
Prekonoga,Svrljig,Nisavski okrug,Juzna Srbija,Srbija
Pukovac,Doljevac,Nisavski okrug,Juzna Srbija,Srbija
Ravna Dubrava,Gadzin Han,Nisavski okrug,Juzna Srbija,Srbija
Razanj,Razanj,Nisavski okrug,Juzna Srbija,Srbija
Rutevac,Aleksinac,Nisavski okrug,Juzna Srbija,Srbija
Svrljig,Svrljig,Nisavski okrug,Juzna Srbija,Srbija
Secanica,Crveni Krst,Nisavski okrug,Juzna Srbija,Srbija
Sicevo,Grad Nis,Nisavski okrug,Juzna Srbija,Srbija
Subotinac,Aleksinac,Nisavski okrug,Juzna Srbija,Srbija
Tesica,Aleksinac,Nisavski okrug,Juzna Srbija,Srbija
Trnjane,Aleksinac,Nisavski okrug,Juzna Srbija,Srbija
Trupale,Crveni Krst,Nisavski okrug,Juzna Srbija,Srbija
cecina,Doljevac,Nisavski okrug,Juzna Srbija,Srbija
Biljaca,Bujanovac,Pcinjski okrug,Juzna Srbija,Srbija
Bistar,Bosilegrad,Pcinjski okrug,Juzna Srbija,Srbija
Bozica,Opstina Surdulica,Pcinjski okrug,Juzna Srbija,Srbija
Bosilegrad,Opstina Bosilegrad,Pcinjski okrug,Juzna Srbija,Srbija
Bujanovac,Bujanovac,Pcinjski okrug,Juzna Srbija,Srbija
Veliki Trnovac,Bujanovac,Pcinjski okrug,Juzna Srbija,Srbija
Vladicin Han,Vladicin Han,Pcinjski okrug,Juzna Srbija,Srbija
Vlase,Vranje,Pcinjski okrug,Juzna Srbija,Srbija
Vranje,Vranje,Pcinjski okrug,Juzna Srbija,Srbija
Vranjska Banja,Vranje,Pcinjski okrug,Juzna Srbija,Srbija
Gornja Lisina,Bosilegrad,Pcinjski okrug,Juzna Srbija,Srbija
Donja Ljubata,Bosilegrad,Pcinjski okrug,Juzna Srbija,Srbija
Donji Stajevac,Trgoviste,Pcinjski okrug,Juzna Srbija,Srbija
Jelasnica,Surdulica,Pcinjski okrug,Juzna Srbija,Srbija
Klenike,Bujanovac,Pcinjski okrug,Juzna Srbija,Srbija
Klisura,Surdulica,Pcinjski okrug,Juzna Srbija,Srbija
Korbevac,Vranjska Banja,Pcinjski okrug,Juzna Srbija,Srbija
Kriva Feja,Vranjska Banja,Pcinjski okrug,Juzna Srbija,Srbija
Lepenica,Vladicin Han,Pcinjski okrug,Juzna Srbija,Srbija
Muhovac,Bujanovac,Pcinjski okrug,Juzna Srbija,Srbija
Presevo,Presevo,Pcinjski okrug,Juzna Srbija,Srbija
Presevo-terminal,Presevo,Pcinjski okrug,Juzna Srbija,Srbija
Priboj Vranjski,Vladicin Han,Pcinjski okrug,Juzna Srbija,Srbija
Radovnica,Trgoviste,Pcinjski okrug,Juzna Srbija,Srbija
Ristovac,Vranje,Pcinjski okrug,Juzna Srbija,Srbija
Sveti Ilija,Vranje,Pcinjski okrug,Juzna Srbija,Srbija
Stubal,Vladicin Han,Pcinjski okrug,Juzna Srbija,Srbija
Surdulica,Surdulica,Pcinjski okrug,Juzna Srbija,Srbija
Trgoviste,Trgoviste,Pcinjski okrug,Juzna Srbija,Srbija
Dzep,Vladicin Han,Pcinjski okrug,Juzna Srbija,Srbija
Babusnica,Babusnica,Pirotski okrug,Juzna Srbija,Srbija
Bela Palanka,Bela Palanka,Pirotski okrug,Juzna Srbija,Srbija
Veliko Bonjince,Babusnica,Pirotski okrug,Juzna Srbija,Srbija
Visocka Rzana,Pirot,Pirotski okrug,Juzna Srbija,Srbija
Gnjilan,Pirot,Pirotski okrug,Juzna Srbija,Srbija
Dimitrovgrad,Dimitrovgrad,Pirotski okrug,Juzna Srbija,Srbija
Dolac,Bela Palanka,Pirotski okrug,Juzna Srbija,Srbija
zeljuse,Dimitrovgrad,Pirotski okrug,Juzna Srbija,Srbija
Zvonce,Babusnica,Pirotski okrug,Juzna Srbija,Srbija
Kamenica,Dimitrovgrad,Pirotski okrug,Juzna Srbija,Srbija
Krupac,Pirot,Pirotski okrug,Juzna Srbija,Srbija
Ljuberadja,Babusnica,Pirotski okrug,Juzna Srbija,Srbija
Pirot,Opstina Pirot,Pirotski okrug,Juzna Srbija,Srbija
Poganovo,Dimitrovgrad,Pirotski okrug,Juzna Srbija,Srbija
Poljska Rzana,Pirot,Pirotski okrug,Juzna Srbija,Srbija
Smilovci,Dimitrovgrad,Pirotski okrug,Juzna Srbija,Srbija
Strelac,Babusnica,Pirotski okrug,Juzna Srbija,Srbija
Sukovo,Pirot,Pirotski okrug,Juzna Srbija,Srbija
Temska,Pirot,Pirotski okrug,Juzna Srbija,Srbija
Crvena Reka,Bela Palanka,Pirotski okrug,Juzna Srbija,Srbija
Crnokliste,Pirot,Pirotski okrug,Juzna Srbija,Srbija
Barbatovac,Blace,Toplicki okrug,Juzna Srbija,Srbija
Barlovo,Kursumlija,Toplicki okrug,Juzna Srbija,Srbija
Beloljin,Prokuplje,Toplicki okrug,Juzna Srbija,Srbija
Blace,Blace,Toplicki okrug,Juzna Srbija,Srbija
Velika Plana,Prokuplje,Toplicki okrug,Juzna Srbija,Srbija
Gornja Dragusa,Blace,Toplicki okrug,Juzna Srbija,Srbija
Dobri Do,Kursumlija,Toplicki okrug,Juzna Srbija,Srbija
Donja Recica,Prokuplje,Toplicki okrug,Juzna Srbija,Srbija
Donja Trnava,Prokuplje,Toplicki okrug,Juzna Srbija,Srbija
Donje Crnatovo,zitoradja,Toplicki okrug,Juzna Srbija,Srbija
Dubovo,zitoradja,Toplicki okrug,Juzna Srbija,Srbija
zitni Potok,Prokuplje,Toplicki okrug,Juzna Srbija,Srbija
zitoradja,zitoradja,Toplicki okrug,Juzna Srbija,Srbija
zuc,Kursumlija,Toplicki okrug,Juzna Srbija,Srbija
Jovanovac,Merosina,Toplicki okrug,Juzna Srbija,Srbija
Krusevica,Prokuplje,Toplicki okrug,Juzna Srbija,Srbija
Kursumlija,Kursumlija,Toplicki okrug,Juzna Srbija,Srbija
Kursumlijska Banja,Kursumlija,Toplicki okrug,Juzna Srbija,Srbija
Lukovska Banja,Kursumlija,Toplicki okrug,Juzna Srbija,Srbija
Mala Plana,Prokuplje,Toplicki okrug,Juzna Srbija,Srbija
Merdare,Kursumlija,Toplicki okrug,Juzna Srbija,Srbija
Mercez,Kursumlija,Toplicki okrug,Juzna Srbija,Srbija
Pejkovac,zitoradja,Toplicki okrug,Juzna Srbija,Srbija
Prokuplje,Prokuplje,Toplicki okrug,Juzna Srbija,Srbija
Prolom Banja,Kursumlija,Toplicki okrug,Juzna Srbija,Srbija
Raca,Kursumlija,Toplicki okrug,Juzna Srbija,Srbija
Dzigolj,Prokuplje,Toplicki okrug,Juzna Srbija,Srbija
Batuse,Kosovo Polje,Kosovski okrug,Kosovo,Srbija
Brezovica,strpce,Kosovski okrug,Kosovo,Srbija
Gracanica,Pristina,Kosovski okrug,Kosovo,Srbija
Donja Gusterica,Lipljan,Kosovski okrug,Kosovo,Srbija
Drajkovce,strpce,Kosovski okrug,Kosovo,Srbija
Kosovo Polje,Kosovo Polje,Kosovski okrug,Kosovo,Srbija
Laplje Selo,Pristina,Kosovski okrug,Kosovo,Srbija
Lepina,Lipljan,Kosovski okrug,Kosovo,Srbija
Plemetina,Obilic,Kosovski okrug,Kosovo,Srbija
Priluzje,Vucitrn,Kosovski okrug,Kosovo,Srbija
Banjska,Zvecan,Kosovskomitrovacki okrug,Kosovo,Srbija
Zvecan,Zvecan,Kosovskomitrovacki okrug,Kosovo,Srbija
Zubin Potok,Zubin Potok,Kosovskomitrovacki okrug,Kosovo,Srbija
Kosovska Mitrovica,Kosovska Mitrovica,Kosovskomitrovacki okrug,Kosovo,Srbija
Leposavic,Leposavic,Kosovskomitrovacki okrug,Kosovo,Srbija
Lesak,Leposavic,Kosovskomitrovacki okrug,Kosovo,Srbija
Socanica,Leposavic,Kosovskomitrovacki okrug,Kosovo,Srbija
Vrbovac,Vitina,Kosovskopomoravski okrug,Kosovo,Srbija
Kosovska Kamenica,Kosovska Kamenica,Kosovskopomoravski okrug,Kosovo,Srbija
Partes,Gnjilane,Kosovskopomoravski okrug,Kosovo,Srbija
Pasjane,Gnjilane,Kosovskopomoravski okrug,Kosovo,Srbija
Ranilug,Kosovska Kamenica,Kosovskopomoravski okrug,Kosovo,Srbija
Banostor,Beocin,Juznobacki okrug,Vojvodina,Srbija
Bac,Bac,Juznobacki okrug,Vojvodina,Srbija
Backa Palanka,Backa Palanka,Juznobacki okrug,Vojvodina,Srbija
Backi Jarak,Temerin,Juznobacki okrug,Vojvodina,Srbija
Backi Petrovac,Backi Petrovac,Juznobacki okrug,Vojvodina,Srbija
Backo Gradiste,Becej,Juznobacki okrug,Vojvodina,Srbija
Backo Dobro Polje,Vrbas,Juznobacki okrug,Vojvodina,Srbija
Backo Novo Selo,Bac,Juznobacki okrug,Vojvodina,Srbija
Backo Petrovo Selo,Becej,Juznobacki okrug,Vojvodina,Srbija
Begec,Novi Sad,Juznobacki okrug,Vojvodina,Srbija
Beocin,Beocin,Juznobacki okrug,Vojvodina,Srbija
Becej,Becej,Juznobacki okrug,Vojvodina,Srbija
Bodjani,Bac,Juznobacki okrug,Vojvodina,Srbija
Budisava,Novi Sad,Juznobacki okrug,Vojvodina,Srbija
Bukovac,Petrovaradin,Juznobacki okrug,Vojvodina,Srbija
Vajska,Bac,Juznobacki okrug,Vojvodina,Srbija
Veternik,Novi Sad,Juznobacki okrug,Vojvodina,Srbija
Vilovo,Titel,Juznobacki okrug,Vojvodina,Srbija
Vrbas,Vrbas,Juznobacki okrug,Vojvodina,Srbija
Gajdobra,Backa Palanka,Juznobacki okrug,Vojvodina,Srbija
Gardinovci,Titel,Juznobacki okrug,Vojvodina,Srbija
Glozan,Backi Petrovac,Juznobacki okrug,Vojvodina,Srbija
Gospodjinci,zabalj,Juznobacki okrug,Vojvodina,Srbija
Despotovo,Backa Palanka,Juznobacki okrug,Vojvodina,Srbija
djurdjevo,zabalj,Juznobacki okrug,Vojvodina,Srbija
zabalj,zabalj,Juznobacki okrug,Vojvodina,Srbija
Zmajevo,Vrbas,Juznobacki okrug,Vojvodina,Srbija
Karadjordjevo,Backa Palanka,Juznobacki okrug,Vojvodina,Srbija
Kac,Novi Sad,Juznobacki okrug,Vojvodina,Srbija
Kisac,Novi Sad,Juznobacki okrug,Vojvodina,Srbija
Kovilj,Novi Sad,Juznobacki okrug,Vojvodina,Srbija
Kulpin,Backi Petrovac,Juznobacki okrug,Vojvodina,Srbija
Kucura,Vrbas,Juznobacki okrug,Vojvodina,Srbija
Ledinci,Petrovaradin,Juznobacki okrug,Vojvodina,Srbija
Lok,Titel,Juznobacki okrug,Vojvodina,Srbija
Lug,Beocin,Juznobacki okrug,Vojvodina,Srbija
Maglic,Backi Petrovac,Juznobacki okrug,Vojvodina,Srbija
Milesevo,Becej,Juznobacki okrug,Vojvodina,Srbija
Mladenovo,Backa Palanka,Juznobacki okrug,Vojvodina,Srbija
Mosorin,Titel,Juznobacki okrug,Vojvodina,Srbija
Nadalj,Srbobran,Juznobacki okrug,Vojvodina,Srbija
Nestin,Backa Palanka,Juznobacki okrug,Vojvodina,Srbija
Nova Gajdobra,Backa Palanka,Juznobacki okrug,Vojvodina,Srbija
Novi Sad,Novi Sad,Juznobacki okrug,Vojvodina,Srbija
Obrovac,Backa Palanka,Juznobacki okrug,Vojvodina,Srbija
Parage,Backa Palanka,Juznobacki okrug,Vojvodina,Srbija
Petrovaradin,Petrovaradin,Juznobacki okrug,Vojvodina,Srbija
Pivnice,Backa Palanka,Juznobacki okrug,Vojvodina,Srbija
Plavna,Bac,Juznobacki okrug,Vojvodina,Srbija
Ravno Selo,Vrbas,Juznobacki okrug,Vojvodina,Srbija
Radicevic,Becej,Juznobacki okrug,Vojvodina,Srbija
Rakovac,Beocin,Juznobacki okrug,Vojvodina,Srbija
Rumenka,Novi Sad,Juznobacki okrug,Vojvodina,Srbija
Savino Selo,Vrbas,Juznobacki okrug,Vojvodina,Srbija
Selenca,Bac,Juznobacki okrug,Vojvodina,Srbija
Silbas,Backa Palanka,Juznobacki okrug,Vojvodina,Srbija
Sirig,Temerin,Juznobacki okrug,Vojvodina,Srbija
Srbobran,Srbobran,Juznobacki okrug,Vojvodina,Srbija
Sremska Kamenica,Petrovaradin,Juznobacki okrug,Vojvodina,Srbija
Sremski Karlovci,Sremski Karlovci,Juznobacki okrug,Vojvodina,Srbija
Stepanovicevo,Novi Sad,Juznobacki okrug,Vojvodina,Srbija
Susek,Beocin,Juznobacki okrug,Vojvodina,Srbija
Temerin,Temerin,Juznobacki okrug,Vojvodina,Srbija
Titel,Titel,Juznobacki okrug,Vojvodina,Srbija
Tovarisevo,Backa Palanka,Juznobacki okrug,Vojvodina,Srbija
Turija,Srbobran,Juznobacki okrug,Vojvodina,Srbija
Futog,Novi Sad,Juznobacki okrug,Vojvodina,Srbija
celarevo,Backa Palanka,Juznobacki okrug,Vojvodina,Srbija
cenej,Novi Sad,Juznobacki okrug,Vojvodina,Srbija
cerevic,Beocin,Juznobacki okrug,Vojvodina,Srbija
curug,zabalj,Juznobacki okrug,Vojvodina,Srbija
Alibunar,Alibunar,Juznobanatski okrug,Vojvodina,Srbija
Bavaniste,Kovin,Juznobanatski okrug,Vojvodina,Srbija
Banatska Palanka,Bela Crkva,Juznobanatski okrug,Vojvodina,Srbija
Banatska Subotica,Bela Crkva,Juznobanatski okrug,Vojvodina,Srbija
Banatski Brestovac,Pancevo,Juznobanatski okrug,Vojvodina,Srbija
Banatski Karlovac,Alibunar,Juznobanatski okrug,Vojvodina,Srbija
Banatsko Novo Selo,Pancevo,Juznobanatski okrug,Vojvodina,Srbija
Baranda,Opovo,Juznobanatski okrug,Vojvodina,Srbija
Barice,Plandiste,Juznobanatski okrug,Vojvodina,Srbija
Bela Crkva,Bela Crkva,Juznobanatski okrug,Vojvodina,Srbija
Vatin,Vrsac,Juznobanatski okrug,Vojvodina,Srbija
Velika Greda,Plandiste,Juznobanatski okrug,Vojvodina,Srbija
Veliki Gaj,Plandiste,Juznobanatski okrug,Vojvodina,Srbija
Veliko Srediste,Vrsac,Juznobanatski okrug,Vojvodina,Srbija
Vladimirovac,Alibunar,Juznobanatski okrug,Vojvodina,Srbija
Vlajkovac,Vrsac,Juznobanatski okrug,Vojvodina,Srbija
Vojvodinci,Vrsac,Juznobanatski okrug,Vojvodina,Srbija
Vracev Gaj,Bela Crkva,Juznobanatski okrug,Vojvodina,Srbija
Vrsac,Vrsac,Juznobanatski okrug,Vojvodina,Srbija
Gaj,Kovin,Juznobanatski okrug,Vojvodina,Srbija
Glogonj,Pancevo,Juznobanatski okrug,Vojvodina,Srbija
Grebenac,Bela Crkva,Juznobanatski okrug,Vojvodina,Srbija
Gudurica,Vrsac,Juznobanatski okrug,Vojvodina,Srbija
Debeljaca,Kovacica,Juznobanatski okrug,Vojvodina,Srbija
Devojacki Bunar,Alibunar,Juznobanatski okrug,Vojvodina,Srbija
Deliblato,Kovin,Juznobanatski okrug,Vojvodina,Srbija
Dobrica,Alibunar,Juznobanatski okrug,Vojvodina,Srbija
Dolovo,Pancevo,Juznobanatski okrug,Vojvodina,Srbija
Dubovac,Kovin,Juznobanatski okrug,Vojvodina,Srbija
Dupljaja,Bela Crkva,Juznobanatski okrug,Vojvodina,Srbija
Zagajica,Vrsac,Juznobanatski okrug,Vojvodina,Srbija
Ivanovo,Pancevo,Juznobanatski okrug,Vojvodina,Srbija
Idvor,Kovacica,Juznobanatski okrug,Vojvodina,Srbija
Izbiste,Vrsac,Juznobanatski okrug,Vojvodina,Srbija
Ilandza,Alibunar,Juznobanatski okrug,Vojvodina,Srbija
Jabuka,Pancevo,Juznobanatski okrug,Vojvodina,Srbija
Janosik,Alibunar,Juznobanatski okrug,Vojvodina,Srbija
Jasenovo,Bela Crkva,Juznobanatski okrug,Vojvodina,Srbija
Jermenovci,Plandiste,Juznobanatski okrug,Vojvodina,Srbija
Kacarevo,Pancevo,Juznobanatski okrug,Vojvodina,Srbija
Kovacica,Kovacica,Juznobanatski okrug,Vojvodina,Srbija
Kovin,Kovin,Juznobanatski okrug,Vojvodina,Srbija
Kupinik,Plandiste,Juznobanatski okrug,Vojvodina,Srbija
Kusic,Bela Crkva,Juznobanatski okrug,Vojvodina,Srbija
Kustilj,Vrsac,Juznobanatski okrug,Vojvodina,Srbija
Lokve,Alibunar,Juznobanatski okrug,Vojvodina,Srbija
Margita,Plandiste,Juznobanatski okrug,Vojvodina,Srbija
Mileticevo,Plandiste,Juznobanatski okrug,Vojvodina,Srbija
Mramorak,Kovin,Juznobanatski okrug,Vojvodina,Srbija
Nikolinci,Alibunar,Juznobanatski okrug,Vojvodina,Srbija
Novi Kozjak,Alibunar,Juznobanatski okrug,Vojvodina,Srbija
Omoljica,Pancevo,Juznobanatski okrug,Vojvodina,Srbija
Opovo,Opovo,Juznobanatski okrug,Vojvodina,Srbija
Pavlis,Vrsac,Juznobanatski okrug,Vojvodina,Srbija
Padina,Kovacica,Juznobanatski okrug,Vojvodina,Srbija
Pancevo,Pancevo,Juznobanatski okrug,Vojvodina,Srbija
Plandiste,Plandiste,Juznobanatski okrug,Vojvodina,Srbija
Plocica,Kovin,Juznobanatski okrug,Vojvodina,Srbija
Sakule,Opovo,Juznobanatski okrug,Vojvodina,Srbija
Samos,Kovacica,Juznobanatski okrug,Vojvodina,Srbija
Seleus,Alibunar,Juznobanatski okrug,Vojvodina,Srbija
Sefkerin,Opovo,Juznobanatski okrug,Vojvodina,Srbija
Skorenovac,Kovin,Juznobanatski okrug,Vojvodina,Srbija
Stari Lec,Plandiste,Juznobanatski okrug,Vojvodina,Srbija
Starcevo,Pancevo,Juznobanatski okrug,Vojvodina,Srbija
Straza,Vrsac,Juznobanatski okrug,Vojvodina,Srbija
Uzdin,Kovacica,Juznobanatski okrug,Vojvodina,Srbija
Uljma,Vrsac,Juznobanatski okrug,Vojvodina,Srbija
Hajducica,Plandiste,Juznobanatski okrug,Vojvodina,Srbija
Crvena Crkva,Bela Crkva,Juznobanatski okrug,Vojvodina,Srbija
Crepaja,Kovacica,Juznobanatski okrug,Vojvodina,Srbija
Bajmok,Subotica,Severnobacki okrug,Vojvodina,Srbija
Bajsa,Backa Topola,Severnobacki okrug,Vojvodina,Srbija
Backa Topola,Backa Topola,Severnobacki okrug,Vojvodina,Srbija
Backi Vinogradi,Subotica,Severnobacki okrug,Vojvodina,Srbija
Backi Sokolac,Backa Topola,Severnobacki okrug,Vojvodina,Srbija
Bikovo,Subotica,Severnobacki okrug,Vojvodina,Srbija
Visnjevac,Subotica,Severnobacki okrug,Vojvodina,Srbija
Gunaros,Backa Topola,Severnobacki okrug,Vojvodina,Srbija
djurdjin,Subotica,Severnobacki okrug,Vojvodina,Srbija
Karadjordjevo,Backa Topola,Severnobacki okrug,Vojvodina,Srbija
Kelebija,Subotica,Severnobacki okrug,Vojvodina,Srbija
Kelebija gran. prelaz,Subotica,Severnobacki okrug,Vojvodina,Srbija
Krivaja,Backa Topola,Severnobacki okrug,Vojvodina,Srbija
Lovcenac,Mali Idjos,Severnobacki okrug,Vojvodina,Srbija
Ljutovo,Subotica,Severnobacki okrug,Vojvodina,Srbija
Mala Bosna,Subotica,Severnobacki okrug,Vojvodina,Srbija
Mali Beograd,Backa Topola,Severnobacki okrug,Vojvodina,Srbija
Mali Idjos,Mali Idjos,Severnobacki okrug,Vojvodina,Srbija
Misicevo,Subotica,Severnobacki okrug,Vojvodina,Srbija
Novi zednik,Subotica,Severnobacki okrug,Vojvodina,Srbija
Novo Orahovo,Backa Topola,Severnobacki okrug,Vojvodina,Srbija
Palic,Subotica,Severnobacki okrug,Vojvodina,Srbija
Panonija,Backa Topola,Severnobacki okrug,Vojvodina,Srbija
Pacir,Backa Topola,Severnobacki okrug,Vojvodina,Srbija
Pobeda,Backa Topola,Severnobacki okrug,Vojvodina,Srbija
Stara Moravica,Backa Topola,Severnobacki okrug,Vojvodina,Srbija
Stari zednik,Subotica,Severnobacki okrug,Vojvodina,Srbija
Subotica,Subotica,Severnobacki okrug,Vojvodina,Srbija
Tavankut,Subotica,Severnobacki okrug,Vojvodina,Srbija
Tomislavci,Backa Topola,Severnobacki okrug,Vojvodina,Srbija
Feketic,Mali Idjos,Severnobacki okrug,Vojvodina,Srbija
Hajdukovo,Subotica,Severnobacki okrug,Vojvodina,Srbija
cantavir,Subotica,Severnobacki okrug,Vojvodina,Srbija
Ada,Ada,Severnobanatski okrug,Vojvodina,Srbija
Adorjan,Kanjiza,Severnobanatski okrug,Vojvodina,Srbija
Banatska Topola,Kikinda,Severnobanatski okrug,Vojvodina,Srbija
Banatsko Arandjelovo,Novi Knezevac,Severnobanatski okrug,Vojvodina,Srbija
Banatsko Veliko Selo,Kikinda,Severnobanatski okrug,Vojvodina,Srbija
Basaid,Kikinda,Severnobanatski okrug,Vojvodina,Srbija
Bogaras,Senta,Severnobanatski okrug,Vojvodina,Srbija
Velebit,Kanjiza,Severnobanatski okrug,Vojvodina,Srbija
Vrbica,coka,Severnobanatski okrug,Vojvodina,Srbija
Gornji Breg,Senta,Severnobanatski okrug,Vojvodina,Srbija
djala,Novi Knezevac,Severnobanatski okrug,Vojvodina,Srbija
Idjos,Kikinda,Severnobanatski okrug,Vojvodina,Srbija
Jazovo,coka,Severnobanatski okrug,Vojvodina,Srbija
Kanjiza,Kanjiza,Severnobanatski okrug,Vojvodina,Srbija
Kevi,Senta,Severnobanatski okrug,Vojvodina,Srbija
Kikinda,Kikinda,Severnobanatski okrug,Vojvodina,Srbija
Majdan,Novi Knezevac,Severnobanatski okrug,Vojvodina,Srbija
Male Pijace,Kanjiza,Severnobanatski okrug,Vojvodina,Srbija
Martonos,Kanjiza,Severnobanatski okrug,Vojvodina,Srbija
Mokrin,Kikinda,Severnobanatski okrug,Vojvodina,Srbija
Mol,Ada,Severnobanatski okrug,Vojvodina,Srbija
Nakovo,Kikinda,Severnobanatski okrug,Vojvodina,Srbija
Novi Knezevac,Novi Knezevac,Severnobanatski okrug,Vojvodina,Srbija
Novi Kozarci,Kikinda,Severnobanatski okrug,Vojvodina,Srbija
Orom,Kanjiza,Severnobanatski okrug,Vojvodina,Srbija
Ostojicevo,coka,Severnobanatski okrug,Vojvodina,Srbija
Padej,coka,Severnobanatski okrug,Vojvodina,Srbija
Rusko Selo,Kikinda,Severnobanatski okrug,Vojvodina,Srbija
Sajan,Kikinda,Severnobanatski okrug,Vojvodina,Srbija
Sanad,coka,Severnobanatski okrug,Vojvodina,Srbija
Senta,Senta,Severnobanatski okrug,Vojvodina,Srbija
Srpski Krstur,Novi Knezevac,Severnobanatski okrug,Vojvodina,Srbija
Tornjos,Senta,Severnobanatski okrug,Vojvodina,Srbija
Totovo Selo,Kanjiza,Severnobanatski okrug,Vojvodina,Srbija
Tresnjevac,Kanjiza,Severnobanatski okrug,Vojvodina,Srbija
Utrine,Ada,Severnobanatski okrug,Vojvodina,Srbija
Horgos,Kanjiza,Severnobanatski okrug,Vojvodina,Srbija
Horgos granicni prelaz,Kanjiza,Severnobanatski okrug,Vojvodina,Srbija
Crna Bara,coka,Severnobanatski okrug,Vojvodina,Srbija
coka,coka,Severnobanatski okrug,Vojvodina,Srbija
Aleksandrovo,Nova Crnja,Srednjobanatski okrug,Vojvodina,Srbija
Aradac,Zrenjanin,Srednjobanatski okrug,Vojvodina,Srbija
Banatska Dubica,Secanj,Srednjobanatski okrug,Vojvodina,Srbija
Banatski Dvor,zitiste,Srednjobanatski okrug,Vojvodina,Srbija
Banatski Despotovac,Zrenjanin,Srednjobanatski okrug,Vojvodina,Srbija
Banatsko Karadjordjevo,zitiste,Srednjobanatski okrug,Vojvodina,Srbija
Belo Blato,Zrenjanin,Srednjobanatski okrug,Vojvodina,Srbija
Boka,Secanj,Srednjobanatski okrug,Vojvodina,Srbija
Botos,Zrenjanin,Srednjobanatski okrug,Vojvodina,Srbija
Bocar,Novi Becej,Srednjobanatski okrug,Vojvodina,Srbija
Vojvoda Stepa,Nova Crnja,Srednjobanatski okrug,Vojvodina,Srbija
Elemir,Zrenjanin,Srednjobanatski okrug,Vojvodina,Srbija
Ecka,Zrenjanin,Srednjobanatski okrug,Vojvodina,Srbija
zitiste,zitiste,Srednjobanatski okrug,Vojvodina,Srbija
Zlatica,Zrenjanin,Srednjobanatski okrug,Vojvodina,Srbija
Zrenjanin,Zrenjanin,Srednjobanatski okrug,Vojvodina,Srbija
Jankov Most,Zrenjanin,Srednjobanatski okrug,Vojvodina,Srbija
Jarkovac,Secanj,Srednjobanatski okrug,Vojvodina,Srbija
Jasa Tomic,Secanj,Srednjobanatski okrug,Vojvodina,Srbija
Klek,Zrenjanin,Srednjobanatski okrug,Vojvodina,Srbija
Knicanin,Zrenjanin,Srednjobanatski okrug,Vojvodina,Srbija
Konak,Secanj,Srednjobanatski okrug,Vojvodina,Srbija
Krajisnik,Secanj,Srednjobanatski okrug,Vojvodina,Srbija
Kumane,Novi Becej,Srednjobanatski okrug,Vojvodina,Srbija
Lazarevo,Zrenjanin,Srednjobanatski okrug,Vojvodina,Srbija
Lukino Selo,Zrenjanin,Srednjobanatski okrug,Vojvodina,Srbija
Lukicevo,Zrenjanin,Srednjobanatski okrug,Vojvodina,Srbija
Medja,zitiste,Srednjobanatski okrug,Vojvodina,Srbija
Melenci,Zrenjanin,Srednjobanatski okrug,Vojvodina,Srbija
Melenci-Rusanda,Zrenjanin,Srednjobanatski okrug,Vojvodina,Srbija
Mihajlovo,Zrenjanin,Srednjobanatski okrug,Vojvodina,Srbija
Muzlja,Zrenjanin,Srednjobanatski okrug,Vojvodina,Srbija
Neuzina,Secanj,Srednjobanatski okrug,Vojvodina,Srbija
Nova Crnja,Nova Crnja,Srednjobanatski okrug,Vojvodina,Srbija
Novi Becej,Novi Becej,Srednjobanatski okrug,Vojvodina,Srbija
Novi Itebej,zitiste,Srednjobanatski okrug,Vojvodina,Srbija
Novo Milosevo,Novi Becej,Srednjobanatski okrug,Vojvodina,Srbija
Orlovat,Zrenjanin,Srednjobanatski okrug,Vojvodina,Srbija
Perlez,Zrenjanin,Srednjobanatski okrug,Vojvodina,Srbija
Ravni Topolovac,zitiste,Srednjobanatski okrug,Vojvodina,Srbija
Radojevo,Nova Crnja,Srednjobanatski okrug,Vojvodina,Srbija
Secanj,Secanj,Srednjobanatski okrug,Vojvodina,Srbija
Srpska Crnja,Nova Crnja,Srednjobanatski okrug,Vojvodina,Srbija
Srpski Itebej,zitiste,Srednjobanatski okrug,Vojvodina,Srbija
Stajicevo,Zrenjanin,Srednjobanatski okrug,Vojvodina,Srbija
Sutjeska,Secanj,Srednjobanatski okrug,Vojvodina,Srbija
Taras,Zrenjanin,Srednjobanatski okrug,Vojvodina,Srbija
Toba,Nova Crnja,Srednjobanatski okrug,Vojvodina,Srbija
Tomasevac,Zrenjanin,Srednjobanatski okrug,Vojvodina,Srbija
Torak,zitiste,Srednjobanatski okrug,Vojvodina,Srbija
Torda,zitiste,Srednjobanatski okrug,Vojvodina,Srbija
Farkazdin,Zrenjanin,Srednjobanatski okrug,Vojvodina,Srbija
Hetin,zitiste,Srednjobanatski okrug,Vojvodina,Srbija
centa,Zrenjanin,Srednjobanatski okrug,Vojvodina,Srbija
cestereg,zitiste,Srednjobanatski okrug,Vojvodina,Srbija
Adasevci,sid,Sremski okrug,Vojvodina,Srbija
Asanja,Pecinci,Sremski okrug,Vojvodina,Srbija
Banovci-Dunav,Stara Pazova,Sremski okrug,Vojvodina,Srbija
Batrovci,sid,Sremski okrug,Vojvodina,Srbija
Bacinci,sid,Sremski okrug,Vojvodina,Srbija
Belegis,Stara Pazova,Sremski okrug,Vojvodina,Srbija
Berkasovo,sid,Sremski okrug,Vojvodina,Srbija
Besenovo,Sremska Mitrovica,Sremski okrug,Vojvodina,Srbija
Beska,Indjija,Sremski okrug,Vojvodina,Srbija
Bikic Do,sid,Sremski okrug,Vojvodina,Srbija
Bingula,sid,Sremski okrug,Vojvodina,Srbija
Bosut,Sremska Mitrovica,Sremski okrug,Vojvodina,Srbija
Budjanovci,Ruma,Sremski okrug,Vojvodina,Srbija
Vasica,sid,Sremski okrug,Vojvodina,Srbija
Veliki Radinci,Sremska Mitrovica,Sremski okrug,Vojvodina,Srbija
Visnjicevo,sid,Sremski okrug,Vojvodina,Srbija
Voganj,Ruma,Sremski okrug,Vojvodina,Srbija
Vojka,Stara Pazova,Sremski okrug,Vojvodina,Srbija
Vrdnik,Irig,Sremski okrug,Vojvodina,Srbija
Gibarac,sid,Sremski okrug,Vojvodina,Srbija
Golubinci,Stara Pazova,Sremski okrug,Vojvodina,Srbija
Grabovci,Ruma,Sremski okrug,Vojvodina,Srbija
Grgurevci,Sremska Mitrovica,Sremski okrug,Vojvodina,Srbija
Dec,Pecinci,Sremski okrug,Vojvodina,Srbija
Divos,Sremska Mitrovica,Sremski okrug,Vojvodina,Srbija
Dobrinci,Ruma,Sremski okrug,Vojvodina,Srbija
Erdevik,sid,Sremski okrug,Vojvodina,Srbija
Zasavica,Sremska Mitrovica,Sremski okrug,Vojvodina,Srbija
Ilinci,sid,Sremski okrug,Vojvodina,Srbija
Indjija,Indjija,Sremski okrug,Vojvodina,Srbija
Irig,Irig,Sremski okrug,Vojvodina,Srbija
Jazak,Irig,Sremski okrug,Vojvodina,Srbija
Jamena,sid,Sremski okrug,Vojvodina,Srbija
Jarak,Sremska Mitrovica,Sremski okrug,Vojvodina,Srbija
Karlovcic,Pecinci,Sremski okrug,Vojvodina,Srbija
Klenak,Ruma,Sremski okrug,Vojvodina,Srbija
Kraljevci,Ruma,Sremski okrug,Vojvodina,Srbija
Krnjesevci,Stara Pazova,Sremski okrug,Vojvodina,Srbija
Krusedol,Irig,Sremski okrug,Vojvodina,Srbija
Krcedin,Indjija,Sremski okrug,Vojvodina,Srbija
Kuzmin,Sremska Mitrovica,Sremski okrug,Vojvodina,Srbija
Kukujevci,sid,Sremski okrug,Vojvodina,Srbija
Kupinovo,Pecinci,Sremski okrug,Vojvodina,Srbija
Lacarak,Sremska Mitrovica,Sremski okrug,Vojvodina,Srbija
Lezimir,Sremska Mitrovica,Sremski okrug,Vojvodina,Srbija
Ljuba,sid,Sremski okrug,Vojvodina,Srbija
Ljukovo,Indjija,Sremski okrug,Vojvodina,Srbija
Mandjelos,Sremska Mitrovica,Sremski okrug,Vojvodina,Srbija
Maradik,Indjija,Sremski okrug,Vojvodina,Srbija
Martinci,Sremska Mitrovica,Sremski okrug,Vojvodina,Srbija
Macvanska Mitrovica,Sremska Mitrovica,Sremski okrug,Vojvodina,Srbija
Molovin,sid,Sremski okrug,Vojvodina,Srbija
Morovic,sid,Sremski okrug,Vojvodina,Srbija
Nikinci,Ruma,Sremski okrug,Vojvodina,Srbija
Nova Pazova,Stara Pazova,Sremski okrug,Vojvodina,Srbija
Novi Banovci,Stara Pazova,Sremski okrug,Vojvodina,Srbija
Novi Karlovci,Indjija,Sremski okrug,Vojvodina,Srbija
Novi Slankamen,Indjija,Sremski okrug,Vojvodina,Srbija
Nocaj,Sremska Mitrovica,Sremski okrug,Vojvodina,Srbija
Obrez,Pecinci,Sremski okrug,Vojvodina,Srbija
Ogar,Pecinci,Sremski okrug,Vojvodina,Srbija
Pecinci,Pecinci,Sremski okrug,Vojvodina,Srbija
Platicevo,Ruma,Sremski okrug,Vojvodina,Srbija
Popinci,Pecinci,Sremski okrug,Vojvodina,Srbija
Privina Glava,sid,Sremski okrug,Vojvodina,Srbija
Prhovo,Pecinci,Sremski okrug,Vojvodina,Srbija
Putinci,Ruma,Sremski okrug,Vojvodina,Srbija
Ravnje,Sremska Mitrovica,Sremski okrug,Vojvodina,Srbija
Ruma,Ruma,Sremski okrug,Vojvodina,Srbija
Salas Nocajski,Sremska Mitrovica,Sremski okrug,Vojvodina,Srbija
Sibac,Pecinci,Sremski okrug,Vojvodina,Srbija
Sot,sid,Sremski okrug,Vojvodina,Srbija
Sremska Mitrovica,Sremska Mitrovica,Sremski okrug,Vojvodina,Srbija
Sremska Raca,Sremska Mitrovica,Sremski okrug,Vojvodina,Srbija
Sremski Mihaljevci,Pecinci,Sremski okrug,Vojvodina,Srbija
Stara Pazova,Stara Pazova,Sremski okrug,Vojvodina,Srbija
Stari Banovci,Stara Pazova,Sremski okrug,Vojvodina,Srbija
Stari Slankamen,Indjija,Sremski okrug,Vojvodina,Srbija
Stejanovci,Ruma,Sremski okrug,Vojvodina,Srbija
Subotiste,Pecinci,Sremski okrug,Vojvodina,Srbija
Surduk,Stara Pazova,Sremski okrug,Vojvodina,Srbija
Hrtkovci,Ruma,Sremski okrug,Vojvodina,Srbija
calma,Sremska Mitrovica,Sremski okrug,Vojvodina,Srbija
cortanovci,Indjija,Sremski okrug,Vojvodina,Srbija
Aleksa santic,Sombor,Zapadnobacki okrug,Vojvodina,Srbija
Apatin,Apatin,Zapadnobacki okrug,Vojvodina,Srbija
Backi Breg,Sombor,Zapadnobacki okrug,Vojvodina,Srbija
Backi Brestovac,Odzaci,Zapadnobacki okrug,Vojvodina,Srbija
Backi Gracac,Odzaci,Zapadnobacki okrug,Vojvodina,Srbija
Backi Monostor,Sombor,Zapadnobacki okrug,Vojvodina,Srbija
Bezdan,Sombor,Zapadnobacki okrug,Vojvodina,Srbija
Bogojevo,Odzaci,Zapadnobacki okrug,Vojvodina,Srbija
Gakovo,Sombor,Zapadnobacki okrug,Vojvodina,Srbija
Deronje,Odzaci,Zapadnobacki okrug,Vojvodina,Srbija
Doroslovo,Sombor,Zapadnobacki okrug,Vojvodina,Srbija
Karavukovo,Odzaci,Zapadnobacki okrug,Vojvodina,Srbija
Kljajicevo,Sombor,Zapadnobacki okrug,Vojvodina,Srbija
Kolut,Sombor,Zapadnobacki okrug,Vojvodina,Srbija
Kruscic,Kula,Zapadnobacki okrug,Vojvodina,Srbija
Kula,Kula,Zapadnobacki okrug,Vojvodina,Srbija
Kupusina,Apatin,Zapadnobacki okrug,Vojvodina,Srbija
Lalic,Odzaci,Zapadnobacki okrug,Vojvodina,Srbija
Lipar,Kula,Zapadnobacki okrug,Vojvodina,Srbija
Nova Crvenka,Kula,Zapadnobacki okrug,Vojvodina,Srbija
Odzaci,Odzaci,Zapadnobacki okrug,Vojvodina,Srbija
Prigrevica,Apatin,Zapadnobacki okrug,Vojvodina,Srbija
Rastina,Sombor,Zapadnobacki okrug,Vojvodina,Srbija
Ratkovo,Odzaci,Zapadnobacki okrug,Vojvodina,Srbija
Ridjica,Sombor,Zapadnobacki okrug,Vojvodina,Srbija
Ruski Krstur,Kula,Zapadnobacki okrug,Vojvodina,Srbija
Svetozar Miletic,Sombor,Zapadnobacki okrug,Vojvodina,Srbija
Svilojevo,Apatin,Zapadnobacki okrug,Vojvodina,Srbija
Sivac,Kula,Zapadnobacki okrug,Vojvodina,Srbija
Sombor,Sombor,Zapadnobacki okrug,Vojvodina,Srbija
Sonta,Apatin,Zapadnobacki okrug,Vojvodina,Srbija
Srpski Miletic,Odzaci,Zapadnobacki okrug,Vojvodina,Srbija
Stanisic,Sombor,Zapadnobacki okrug,Vojvodina,Srbija
Stapar,Sombor,Zapadnobacki okrug,Vojvodina,Srbija
Telecka,Sombor,Zapadnobacki okrug,Vojvodina,Srbija
Crvenka,Kula,Zapadnobacki okrug,Vojvodina,Srbija
conoplja,Sombor,Zapadnobacki okrug,Vojvodina,Srbija
Banjani,Ub,Kolubarski okrug,Zapadna Srbija,Srbija
Belanovica,Ljig,Kolubarski okrug,Zapadna Srbija,Srbija
Bogovadja,Lajkovac,Kolubarski okrug,Zapadna Srbija,Srbija
Brankovina,Valjevo,Kolubarski okrug,Zapadna Srbija,Srbija
Brgule,Ub,Kolubarski okrug,Zapadna Srbija,Srbija
Brezdje,Mionica,Kolubarski okrug,Zapadna Srbija,Srbija
Valjevo,Valjevo,Kolubarski okrug,Zapadna Srbija,Srbija
Gornja Toplica,Mionica,Kolubarski okrug,Zapadna Srbija,Srbija
Divci,Valjevo,Kolubarski okrug,Zapadna Srbija,Srbija
Divcibare,Valjevo,Kolubarski okrug,Zapadna Srbija,Srbija
Dracic,Valjevo,Kolubarski okrug,Zapadna Srbija,Srbija
Jabucje,Lajkovac,Kolubarski okrug,Zapadna Srbija,Srbija
Kamenica,Valjevo,Kolubarski okrug,Zapadna Srbija,Srbija
Komiric,Osecina,Kolubarski okrug,Zapadna Srbija,Srbija
Lajkovac,Lajkovac,Kolubarski okrug,Zapadna Srbija,Srbija
Lelic,Valjevo,Kolubarski okrug,Zapadna Srbija,Srbija
Ljig,Ljig,Kolubarski okrug,Zapadna Srbija,Srbija
Mionica,Mionica,Kolubarski okrug,Zapadna Srbija,Srbija
Osecina,Osecina,Kolubarski okrug,Zapadna Srbija,Srbija
Pambukovica,Ub,Kolubarski okrug,Zapadna Srbija,Srbija
Pecka,Osecina,Kolubarski okrug,Zapadna Srbija,Srbija
Popucke,Valjevo,Kolubarski okrug,Zapadna Srbija,Srbija
Pocuta,Valjevo,Kolubarski okrug,Zapadna Srbija,Srbija
Pricevic,Valjevo,Kolubarski okrug,Zapadna Srbija,Srbija
Radljevo,Ub,Kolubarski okrug,Zapadna Srbija,Srbija
Rajkovic,Mionica,Kolubarski okrug,Zapadna Srbija,Srbija
Slavkovica,Ljig,Kolubarski okrug,Zapadna Srbija,Srbija
Slovac,Lajkovac,Kolubarski okrug,Zapadna Srbija,Srbija
Stave,Valjevo,Kolubarski okrug,Zapadna Srbija,Srbija
Ub,Ub,Kolubarski okrug,Zapadna Srbija,Srbija
Badovinci,Bogatic,Macvanski okrug,Zapadna Srbija,Srbija
Banovo Polje,Bogatic,Macvanski okrug,Zapadna Srbija,Srbija
Banja Koviljaca,Loznica,Macvanski okrug,Zapadna Srbija,Srbija
Bela Crkva,Krupanj,Macvanski okrug,Zapadna Srbija,Srbija
Bogatic,Bogatic,Macvanski okrug,Zapadna Srbija,Srbija
Brezjak,Loznica,Macvanski okrug,Zapadna Srbija,Srbija
Varna,sabac,Macvanski okrug,Zapadna Srbija,Srbija
Velika Reka,Mali Zvornik,Macvanski okrug,Zapadna Srbija,Srbija
Vladimirci,Vladimirci,Macvanski okrug,Zapadna Srbija,Srbija
Vrhpolje,Ljubovija,Macvanski okrug,Zapadna Srbija,Srbija
Glusci,Bogatic,Macvanski okrug,Zapadna Srbija,Srbija
Debrc,Vladimirci,Macvanski okrug,Zapadna Srbija,Srbija
Dobric,sabac,Macvanski okrug,Zapadna Srbija,Srbija
Donja Borina,Mali Zvornik,Macvanski okrug,Zapadna Srbija,Srbija
Donja Orovica,Ljubovija,Macvanski okrug,Zapadna Srbija,Srbija
Donje Crniljevo,Koceljeva,Macvanski okrug,Zapadna Srbija,Srbija
Draginac,Loznica,Macvanski okrug,Zapadna Srbija,Srbija
Draginje,Koceljeva,Macvanski okrug,Zapadna Srbija,Srbija
Drenovac,sabac,Macvanski okrug,Zapadna Srbija,Srbija
Dublje,Bogatic,Macvanski okrug,Zapadna Srbija,Srbija
Zavlaka,Krupanj,Macvanski okrug,Zapadna Srbija,Srbija
Zajaca,Loznica,Macvanski okrug,Zapadna Srbija,Srbija
Zminjak,sabac,Macvanski okrug,Zapadna Srbija,Srbija
Jadranska Lesnica,Loznica,Macvanski okrug,Zapadna Srbija,Srbija
Kamenica,Koceljeva,Macvanski okrug,Zapadna Srbija,Srbija
Klenje,Bogatic,Macvanski okrug,Zapadna Srbija,Srbija
Korenita,Loznica,Macvanski okrug,Zapadna Srbija,Srbija
Koceljeva,Koceljeva,Macvanski okrug,Zapadna Srbija,Srbija
Krupanj,Krupanj,Macvanski okrug,Zapadna Srbija,Srbija
Lesnica,Loznica,Macvanski okrug,Zapadna Srbija,Srbija
Lipnicki sor,Loznica,Macvanski okrug,Zapadna Srbija,Srbija
Lipolist,sabac,Macvanski okrug,Zapadna Srbija,Srbija
Loznica,Loznica,Macvanski okrug,Zapadna Srbija,Srbija
Ljubovija,Ljubovija,Macvanski okrug,Zapadna Srbija,Srbija
Majur,sabac,Macvanski okrug,Zapadna Srbija,Srbija
Mali Zvornik,Mali Zvornik,Macvanski okrug,Zapadna Srbija,Srbija
Macvanski Pricinovic,sabac,Macvanski okrug,Zapadna Srbija,Srbija
Metlic,sabac,Macvanski okrug,Zapadna Srbija,Srbija
Orid,sabac,Macvanski okrug,Zapadna Srbija,Srbija
Petlovaca,sabac,Macvanski okrug,Zapadna Srbija,Srbija
Prnjavor (Macvanski),sabac,Macvanski okrug,Zapadna Srbija,Srbija
Provo,Vladimirci,Macvanski okrug,Zapadna Srbija,Srbija
Radalj,Mali Zvornik,Macvanski okrug,Zapadna Srbija,Srbija
Rainovaca,Ljubovija,Macvanski okrug,Zapadna Srbija,Srbija
Ribari,sabac,Macvanski okrug,Zapadna Srbija,Srbija
Svileuva,Koceljeva,Macvanski okrug,Zapadna Srbija,Srbija
Tekeris,Loznica,Macvanski okrug,Zapadna Srbija,Srbija
Trsic,Loznica,Macvanski okrug,Zapadna Srbija,Srbija
Uzovnica,Ljubovija,Macvanski okrug,Zapadna Srbija,Srbija
Cerovac,sabac,Macvanski okrug,Zapadna Srbija,Srbija
Crna Bara,Bogatic,Macvanski okrug,Zapadna Srbija,Srbija
Bele Vode,Ivanjica,Moravicki okrug,Zapadna Srbija,Srbija
Boljkovci,Gornji Milanovac,Moravicki okrug,Zapadna Srbija,Srbija
Bratljevo,Ivanjica,Moravicki okrug,Zapadna Srbija,Srbija
Brdjani,Gornji Milanovac,Moravicki okrug,Zapadna Srbija,Srbija
Brezna,Gornji Milanovac,Moravicki okrug,Zapadna Srbija,Srbija
Brezova,Ivanjica,Moravicki okrug,Zapadna Srbija,Srbija
Bresnica,cacak,Moravicki okrug,Zapadna Srbija,Srbija
Bukovica,Ivanjica,Moravicki okrug,Zapadna Srbija,Srbija
Vionica,Ivanjica,Moravicki okrug,Zapadna Srbija,Srbija
Vica,Lucani,Moravicki okrug,Zapadna Srbija,Srbija
Vracevsnica,Gornji Milanovac,Moravicki okrug,Zapadna Srbija,Srbija
Goracici,Lucani,Moravicki okrug,Zapadna Srbija,Srbija
Gornja Trepca,cacak,Moravicki okrug,Zapadna Srbija,Srbija
Gornji Milanovac,Gornji Milanovac,Moravicki okrug,Zapadna Srbija,Srbija
Guca,Lucani,Moravicki okrug,Zapadna Srbija,Srbija
Dragolj,Gornji Milanovac,Moravicki okrug,Zapadna Srbija,Srbija
Zablace,cacak,Moravicki okrug,Zapadna Srbija,Srbija
Ivanjica,Ivanjica,Moravicki okrug,Zapadna Srbija,Srbija
Jezevica,cacak,Moravicki okrug,Zapadna Srbija,Srbija
Kaona,Lucani,Moravicki okrug,Zapadna Srbija,Srbija
Kotraza,Lucani,Moravicki okrug,Zapadna Srbija,Srbija
Kusici,Ivanjica,Moravicki okrug,Zapadna Srbija,Srbija
Lucani,Lucani,Moravicki okrug,Zapadna Srbija,Srbija
Markovica,Lucani,Moravicki okrug,Zapadna Srbija,Srbija
Medjurecje,Ivanjica,Moravicki okrug,Zapadna Srbija,Srbija
Mrcajevci,cacak,Moravicki okrug,Zapadna Srbija,Srbija
Mrsinci,cacak,Moravicki okrug,Zapadna Srbija,Srbija
Ovcar Banja,cacak,Moravicki okrug,Zapadna Srbija,Srbija
Pranjani,Gornji Milanovac,Moravicki okrug,Zapadna Srbija,Srbija
Preljina,cacak,Moravicki okrug,Zapadna Srbija,Srbija
Prilicki Kiseljak,Ivanjica,Moravicki okrug,Zapadna Srbija,Srbija
Rudnik,Gornji Milanovac,Moravicki okrug,Zapadna Srbija,Srbija
Takovo,Gornji Milanovac,Moravicki okrug,Zapadna Srbija,Srbija
Trbusani,cacak,Moravicki okrug,Zapadna Srbija,Srbija
Ugrinovci,Gornji Milanovac,Moravicki okrug,Zapadna Srbija,Srbija
cacak,cacak,Moravicki okrug,Zapadna Srbija,Srbija
Aljinovici,Prijepolje,Zlatiborski okrug,Zapadna Srbija,Srbija
Arilje,Arilje,Zlatiborski okrug,Zapadna Srbija,Srbija
Bajina Basta,Bajina Basta,Zlatiborski okrug,Zapadna Srbija,Srbija
Banja (kod Priboja),Priboj,Zlatiborski okrug,Zapadna Srbija,Srbija
Bare,Sjenica,Zlatiborski okrug,Zapadna Srbija,Srbija
Bacevci,Bajina Basta,Zlatiborski okrug,Zapadna Srbija,Srbija
Bela Zemlja,Uzice,Zlatiborski okrug,Zapadna Srbija,Srbija
Bioska,Uzice,Zlatiborski okrug,Zapadna Srbija,Srbija
Bistrica,Nova Varos,Zlatiborski okrug,Zapadna Srbija,Srbija
Bozetici,Nova Varos,Zlatiborski okrug,Zapadna Srbija,Srbija
Brekovo,Arilje,Zlatiborski okrug,Zapadna Srbija,Srbija
Brodarevo,Prijepolje,Zlatiborski okrug,Zapadna Srbija,Srbija
Varda,Kosjeric,Zlatiborski okrug,Zapadna Srbija,Srbija
Gornja Dobrinja,Pozega,Zlatiborski okrug,Zapadna Srbija,Srbija
Gostun,Prijepolje,Zlatiborski okrug,Zapadna Srbija,Srbija
Divljaka,Arilje,Zlatiborski okrug,Zapadna Srbija,Srbija
Draglica,Nova Varos,Zlatiborski okrug,Zapadna Srbija,Srbija
Duga Poljana,Sjenica,Zlatiborski okrug,Zapadna Srbija,Srbija
Zlatibor,cajetina,Zlatiborski okrug,Zapadna Srbija,Srbija
Zlodol,Bajina Basta,Zlatiborski okrug,Zapadna Srbija,Srbija
Jabuka,Prijepolje,Zlatiborski okrug,Zapadna Srbija,Srbija
Jasenovo,Nova Varos,Zlatiborski okrug,Zapadna Srbija,Srbija
Jezevica,Pozega,Zlatiborski okrug,Zapadna Srbija,Srbija
Jelen Do,Pozega,Zlatiborski okrug,Zapadna Srbija,Srbija
Karan,Uzice,Zlatiborski okrug,Zapadna Srbija,Srbija
Kokin Brod,Nova Varos,Zlatiborski okrug,Zapadna Srbija,Srbija
Kosjeric,Kosjeric,Zlatiborski okrug,Zapadna Srbija,Srbija
Kostojevici,Bajina Basta,Zlatiborski okrug,Zapadna Srbija,Srbija
Kremna,Uzice,Zlatiborski okrug,Zapadna Srbija,Srbija
Lunovo Selo,Uzice,Zlatiborski okrug,Zapadna Srbija,Srbija
Ljubis,cajetina,Zlatiborski okrug,Zapadna Srbija,Srbija
Mackat,cajetina,Zlatiborski okrug,Zapadna Srbija,Srbija
Mitrovac,Bajina Basta,Zlatiborski okrug,Zapadna Srbija,Srbija
Mokra Gora,Uzice,Zlatiborski okrug,Zapadna Srbija,Srbija
Nova Varos,Nova Varos,Zlatiborski okrug,Zapadna Srbija,Srbija
Perucac,Bajina Basta,Zlatiborski okrug,Zapadna Srbija,Srbija
Pozega,Pozega,Zlatiborski okrug,Zapadna Srbija,Srbija
Priboj,Priboj,Zlatiborski okrug,Zapadna Srbija,Srbija
Prijepolje,Prijepolje,Zlatiborski okrug,Zapadna Srbija,Srbija
Ravni,Uzice,Zlatiborski okrug,Zapadna Srbija,Srbija
Razana,Kosjeric,Zlatiborski okrug,Zapadna Srbija,Srbija
Rogacica,Bajina Basta,Zlatiborski okrug,Zapadna Srbija,Srbija
Roge,Pozega,Zlatiborski okrug,Zapadna Srbija,Srbija
Rozanstvo,cajetina,Zlatiborski okrug,Zapadna Srbija,Srbija
Sastavci,Priboj,Zlatiborski okrug,Zapadna Srbija,Srbija
Sevojno,Uzice,Zlatiborski okrug,Zapadna Srbija,Srbija
Seca Reka,Kosjeric,Zlatiborski okrug,Zapadna Srbija,Srbija
Sirogojno,cajetina,Zlatiborski okrug,Zapadna Srbija,Srbija
Sjenica,Sjenica,Zlatiborski okrug,Zapadna Srbija,Srbija
Ugao,Sjenica,Zlatiborski okrug,Zapadna Srbija,Srbija
Uzice,Uzice,Zlatiborski okrug,Zapadna Srbija,Srbija
cajetina,cajetina,Zlatiborski okrug,Zapadna Srbija,Srbija
